{
  "semscore": {
    "mean": 0.6329527269391453,
    "median": 0.6553313136100769,
    "std": 0.18764421677743384,
    "min": 0.22717025876045227,
    "max": 0.9368342757225037,
    "count": 51,
    "scores": [
      0.6213094592094421,
      0.7647358179092407,
      0.7704203128814697,
      0.6705939769744873,
      0.6380910873413086,
      0.6184543371200562,
      0.6417098045349121,
      0.8280296325683594,
      0.7876721620559692,
      0.4942648112773895,
      0.3892311453819275,
      0.37256333231925964,
      0.6953020095825195,
      0.4250184893608093,
      0.30859363079071045,
      0.4538223445415497,
      0.49642473459243774,
      0.6105198264122009,
      0.3820788860321045,
      0.8899093270301819,
      0.4634793996810913,
      0.4410286545753479,
      0.4514960050582886,
      0.45931276679039,
      0.8602248430252075,
      0.680478036403656,
      0.3382243812084198,
      0.6924169659614563,
      0.8673869371414185,
      0.8586165904998779,
      0.7256582379341125,
      0.8383992314338684,
      0.6553313136100769,
      0.3644375503063202,
      0.5990362763404846,
      0.5654916167259216,
      0.8376607894897461,
      0.9034326672554016,
      0.43455445766448975,
      0.6606991291046143,
      0.6379683613777161,
      0.7471640110015869,
      0.6566008925437927,
      0.7854917049407959,
      0.9368342757225037,
      0.7594443559646606,
      0.9326039552688599,
      0.7813351154327393,
      0.8866252899169922,
      0.3732398748397827,
      0.22717025876045227
    ]
  },
  "bertscore": {
    "precision": 0.9070781469345093,
    "recall": 0.8481074571609497,
    "f1": 0.8762564063072205
  },
  "total_comparisons": 51,
  "dataset_size": 51,
  "model_info": {
    "semscore_model": "sentence-transformers/all-mpnet-base-v2",
    "semscore_batch_size": 2,
    "device": "cpu",
    "semscore_available": true
  }
}