{
  "semscore": {
    "mean": 0.9053681188938665,
    "median": 0.928792417049408,
    "std": 0.08027932726543364,
    "min": 0.6213205456733704,
    "max": 0.9867640733718872,
    "count": 51,
    "scores": [
      0.7355613708496094,
      0.8903012275695801,
      0.8877833485603333,
      0.8241279125213623,
      0.9691288471221924,
      0.928792417049408,
      0.9234582185745239,
      0.8783760666847229,
      0.9626302123069763,
      0.9817466139793396,
      0.9788971543312073,
      0.9680898189544678,
      0.9781516194343567,
      0.9833565354347229,
      0.9823894500732422,
      0.9521766901016235,
      0.9701995849609375,
      0.9579434990882874,
      0.9510709047317505,
      0.9428414106369019,
      0.9577817916870117,
      0.97348552942276,
      0.9867640733718872,
      0.9598817825317383,
      0.8305201530456543,
      0.9208936095237732,
      0.9256672263145447,
      0.7432580590248108,
      0.8050039410591125,
      0.828241229057312,
      0.966879665851593,
      0.7099567651748657,
      0.6213205456733704,
      0.8281857371330261,
      0.8367948532104492,
      0.9425878524780273,
      0.88511723279953,
      0.9063631892204285,
      0.9523805975914001,
      0.912402868270874,
      0.8783836960792542,
      0.8107128739356995,
      0.8422281742095947,
      0.9039148092269897,
      0.9514383673667908,
      0.9081004858016968,
      0.9681215286254883,
      0.9646024107933044,
      0.855505108833313,
      0.9862058162689209,
      0.9640511870384216
    ]
  },
  "bertscore": {
    "precision": 0.9332127571105957,
    "recall": 0.9053489565849304,
    "f1": 0.9186140894889832
  },
  "total_comparisons": 51,
  "dataset_size": 51,
  "model_info": {
    "semscore_model": "sentence-transformers/all-mpnet-base-v2",
    "semscore_batch_size": 2,
    "device": "cpu",
    "semscore_available": true
  }
}