{
  "semscore": {
    "mean": 0.909255768738541,
    "median": 0.916508138179779,
    "std": 0.04950743771998494,
    "min": 0.8140440583229065,
    "max": 0.9950644373893738,
    "count": 51,
    "scores": [
      0.8757420778274536,
      0.900164783000946,
      0.8879539370536804,
      0.8998515605926514,
      0.9199904799461365,
      0.9529170989990234,
      0.9497488141059875,
      0.9385976195335388,
      0.9814257621765137,
      0.8559178113937378,
      0.8772450685501099,
      0.8630053997039795,
      0.9775290489196777,
      0.9833565354347229,
      0.9663488268852234,
      0.8445929884910583,
      0.8473602533340454,
      0.8836570978164673,
      0.9051715135574341,
      0.918394148349762,
      0.9236933588981628,
      0.950607419013977,
      0.9541590213775635,
      0.8370148539543152,
      0.8164736032485962,
      0.94022136926651,
      0.8988207578659058,
      0.9950644373893738,
      0.925929844379425,
      0.8586165904998779,
      0.9815152883529663,
      0.8153088688850403,
      0.8318036794662476,
      0.8281857371330261,
      0.9467105865478516,
      0.9425879120826721,
      0.8966902494430542,
      0.9391298294067383,
      0.8140440583229065,
      0.9000524878501892,
      0.916508138179779,
      0.9386194348335266,
      0.9235776662826538,
      0.904246985912323,
      0.951438307762146,
      0.9708691239356995,
      0.907558798789978,
      0.8508064150810242,
      0.8800811171531677,
      0.9862058162689209,
      0.9165316224098206
    ]
  },
  "bertscore": {
    "precision": 0.9127262234687805,
    "recall": 0.9269810318946838,
    "f1": 0.9189801812171936
  },
  "total_comparisons": 51,
  "dataset_size": 51,
  "model_info": {
    "semscore_model": "sentence-transformers/all-mpnet-base-v2",
    "semscore_batch_size": 2,
    "device": "cpu",
    "semscore_available": true
  }
}