{
  "semscore": {
    "mean": 0.7424462951865851,
    "median": 0.7144356369972229,
    "std": 0.11453902380699922,
    "min": 0.5303264856338501,
    "max": 0.9531975984573364,
    "count": 51,
    "scores": [
      0.7973494529724121,
      0.8741441369056702,
      0.8759548664093018,
      0.692548394203186,
      0.8236106634140015,
      0.7031485438346863,
      0.8060787916183472,
      0.6292811036109924,
      0.5480660200119019,
      0.8152997493743896,
      0.6350598931312561,
      0.816286563873291,
      0.7278715372085571,
      0.6397537589073181,
      0.5630517601966858,
      0.6227726936340332,
      0.6853014826774597,
      0.6449145674705505,
      0.6897211074829102,
      0.6889868378639221,
      0.6714088916778564,
      0.6135977506637573,
      0.658950924873352,
      0.7046032547950745,
      0.7399300336837769,
      0.7144356369972229,
      0.6948140263557434,
      0.6445160508155823,
      0.8075670003890991,
      0.9066365957260132,
      0.6688651442527771,
      0.5303264856338501,
      0.5367936491966248,
      0.62381911277771,
      0.853327214717865,
      0.8539138436317444,
      0.939368486404419,
      0.8959147334098816,
      0.7626275420188904,
      0.7113109827041626,
      0.767788290977478,
      0.9232978224754333,
      0.8888536691665649,
      0.8335987329483032,
      0.9330286979675293,
      0.9206077456474304,
      0.9531975984573364,
      0.746134340763092,
      0.7987387180328369,
      0.6307215690612793,
      0.656864583492279
    ]
  },
  "bertscore": {
    "precision": 0.8206833600997925,
    "recall": 0.8694567084312439,
    "f1": 0.8439361453056335
  },
  "total_comparisons": 51,
  "dataset_size": 51,
  "model_info": {
    "semscore_model": "sentence-transformers/all-mpnet-base-v2",
    "semscore_batch_size": 2,
    "device": "cpu",
    "semscore_available": true
  }
}