{
  "semscore": {
    "mean": 0.8604852873451856,
    "median": 0.9048775434494019,
    "std": 0.12529763286264728,
    "min": 0.5288571715354919,
    "max": 1.0,
    "count": 49,
    "scores": [
      0.9884769916534424,
      0.7205519676208496,
      0.9747838377952576,
      0.6695529222488403,
      0.6228910088539124,
      0.9048775434494019,
      0.6689638495445251,
      0.7427648305892944,
      0.8214353322982788,
      0.9363470077514648,
      0.9793363809585571,
      0.8856673240661621,
      0.96225506067276,
      0.9625690579414368,
      0.7373685836791992,
      0.9522978663444519,
      0.8635640740394592,
      0.7199177742004395,
      0.9290314316749573,
      0.5930039286613464,
      0.952413022518158,
      0.8897911310195923,
      0.8526110053062439,
      0.5288571715354919,
      0.9328514337539673,
      0.9521483182907104,
      0.8450829386711121,
      0.8291364312171936,
      0.9561872482299805,
      0.9145300388336182,
      0.8011415004730225,
      0.7837645411491394,
      0.5477698445320129,
      0.8910439014434814,
      0.9853398203849792,
      0.9734708070755005,
      0.9780148267745972,
      1.0,
      0.908575177192688,
      0.7089239954948425,
      0.990718424320221,
      0.9552193880081177,
      0.8879894018173218,
      0.7729955911636353,
      0.9423190355300903,
      0.8696726560592651,
      0.980955958366394,
      0.9455200433731079,
      0.9510786533355713
    ]
  },
  "bertscore": {
    "precision": 0.9211392998695374,
    "recall": 0.9061658978462219,
    "f1": 0.913313090801239
  },
  "total_comparisons": 49,
  "dataset_size": 49,
  "model_info": {
    "semscore_model": "sentence-transformers/all-mpnet-base-v2",
    "semscore_batch_size": 2,
    "device": "cpu",
    "semscore_available": true
  }
}