{
  "semscore": {
    "mean": 0.8634001113930527,
    "median": 0.9048775434494019,
    "std": 0.11477419673789441,
    "min": 0.5368014574050903,
    "max": 1.0,
    "count": 49,
    "scores": [
      0.9837456941604614,
      0.8488013744354248,
      0.9195562601089478,
      0.8305190801620483,
      0.7984487414360046,
      0.9048775434494019,
      0.6689638495445251,
      0.77431321144104,
      0.8734245300292969,
      0.9188124537467957,
      0.9095571637153625,
      0.923745334148407,
      0.959942638874054,
      0.9633275270462036,
      0.7373685836791992,
      0.9105552434921265,
      0.8630433082580566,
      0.7763407230377197,
      0.6948591470718384,
      0.6744239330291748,
      0.9695567488670349,
      0.8492909669876099,
      0.9319850206375122,
      0.6518017649650574,
      0.9456132650375366,
      0.5368014574050903,
      0.6547795534133911,
      1.0,
      0.9447418451309204,
      0.9312140941619873,
      0.8115403652191162,
      0.7959453463554382,
      0.5477698445320129,
      0.8910439014434814,
      0.9471550583839417,
      0.9387822151184082,
      0.8942099809646606,
      1.0,
      0.9753684401512146,
      0.8112673759460449,
      0.9995629191398621,
      0.9688604474067688,
      0.8461242318153381,
      0.9013416767120361,
      0.94146329164505,
      0.8758515119552612,
      0.9333649277687073,
      0.9455199241638184,
      0.9310229420661926
    ]
  },
  "bertscore": {
    "precision": 0.8960224986076355,
    "recall": 0.9082213640213013,
    "f1": 0.9013455510139465
  },
  "total_comparisons": 49,
  "dataset_size": 49,
  "model_info": {
    "semscore_model": "sentence-transformers/all-mpnet-base-v2",
    "semscore_batch_size": 2,
    "device": "cpu",
    "semscore_available": true
  }
}