{
  "semscore": {
    "mean": 0.7306517289609326,
    "median": 0.767219066619873,
    "std": 0.1874092321691233,
    "min": 0.32403019070625305,
    "max": 1.0,
    "count": 49,
    "scores": [
      0.4969840943813324,
      0.7806112170219421,
      0.9700748324394226,
      0.7265227437019348,
      0.8261050581932068,
      0.5744633674621582,
      0.6689638495445251,
      0.7427648305892944,
      0.767219066619873,
      0.9144057035446167,
      0.9449422955513,
      0.5439792275428772,
      0.7008107304573059,
      0.6620766520500183,
      0.7373685836791992,
      0.7756106853485107,
      0.9072251319885254,
      0.6375467777252197,
      0.7759270668029785,
      0.40764319896698,
      0.8732099533081055,
      0.9179567694664001,
      0.840274453163147,
      0.8000686764717102,
      0.4600299000740051,
      0.36978286504745483,
      0.742963969707489,
      1.0,
      0.8681174516677856,
      0.933849573135376,
      0.7448879480361938,
      0.6655954122543335,
      0.5477698445320129,
      0.877998411655426,
      0.8806729912757874,
      0.5631478428840637,
      0.9179656505584717,
      1.0,
      0.5000690221786499,
      0.32825908064842224,
      1.0,
      0.9749667048454285,
      0.8506770730018616,
      0.8652206659317017,
      0.7686856985092163,
      0.32403019070625305,
      0.5538457632064819,
      0.4384845793247223,
      0.6321591138839722
    ]
  },
  "bertscore": {
    "precision": 0.9055394530296326,
    "recall": 0.8812470436096191,
    "f1": 0.8927493691444397
  },
  "total_comparisons": 49,
  "dataset_size": 49,
  "model_info": {
    "semscore_model": "sentence-transformers/all-mpnet-base-v2",
    "semscore_batch_size": 2,
    "device": "cpu",
    "semscore_available": true
  }
}