{
  "semscore": {
    "mean": 0.8115591120486166,
    "median": 0.8721100091934204,
    "std": 0.17007378450956084,
    "min": 0.44279175996780396,
    "max": 0.9862058162689209,
    "count": 51,
    "scores": [
      0.8209484815597534,
      0.8930909633636475,
      0.8892415761947632,
      0.8313086032867432,
      0.9463301301002502,
      0.9187507033348083,
      0.9234582185745239,
      0.9619672894477844,
      0.9617543816566467,
      0.9817466139793396,
      0.9588005542755127,
      0.9680898189544678,
      0.9781516194343567,
      0.9833565354347229,
      0.9823894500732422,
      0.44279175996780396,
      0.5548631548881531,
      0.5213837027549744,
      0.4682302474975586,
      0.5574841499328613,
      0.9577817916870117,
      0.48765140771865845,
      0.4514960050582886,
      0.4493357241153717,
      0.8513064384460449,
      0.9208936095237732,
      0.9099258184432983,
      0.6146501302719116,
      0.8137944936752319,
      0.8359375596046448,
      0.7646816968917847,
      0.5446937680244446,
      0.6213205456733704,
      0.8721100091934204,
      0.8367949724197388,
      0.9126997590065002,
      0.9387160539627075,
      0.9336972236633301,
      0.8344072103500366,
      0.8856812119483948,
      0.8720371127128601,
      0.758779764175415,
      0.6786152720451355,
      0.8870101571083069,
      0.9514383673667908,
      0.746326744556427,
      0.9612379670143127,
      0.7587910890579224,
      0.8433078527450562,
      0.9862058162689209,
      0.9640511870384216
    ]
  },
  "bertscore": {
    "precision": 0.926960825920105,
    "recall": 0.883777379989624,
    "f1": 0.9041445255279541
  },
  "total_comparisons": 51,
  "dataset_size": 51,
  "model_info": {
    "semscore_model": "sentence-transformers/all-mpnet-base-v2",
    "semscore_batch_size": 2,
    "device": "cpu",
    "semscore_available": true
  }
}