{
  "semscore": {
    "mean": 0.6689400761103144,
    "median": 0.7019246220588684,
    "std": 0.14420375524415588,
    "min": 0.22831033170223236,
    "max": 0.8842896819114685,
    "count": 49,
    "scores": [
      0.8715003132820129,
      0.8059255480766296,
      0.7396466135978699,
      0.6973505020141602,
      0.626828670501709,
      0.7439450025558472,
      0.7096537947654724,
      0.7524286508560181,
      0.6727557182312012,
      0.7051941156387329,
      0.5453739762306213,
      0.7019246220588684,
      0.6185587644577026,
      0.5148069262504578,
      0.7588081359863281,
      0.7640369534492493,
      0.8842896819114685,
      0.6801481246948242,
      0.8221045732498169,
      0.4368891716003418,
      0.7401938438415527,
      0.6978945732116699,
      0.8048359751701355,
      0.5196927785873413,
      0.8111866116523743,
      0.8641430139541626,
      0.7264745831489563,
      0.38446447253227234,
      0.7335013151168823,
      0.826954185962677,
      0.6075839400291443,
      0.44509536027908325,
      0.6685355305671692,
      0.576512336730957,
      0.397022008895874,
      0.5331609845161438,
      0.5364465713500977,
      0.635969877243042,
      0.6911596655845642,
      0.22831033170223236,
      0.4281248450279236,
      0.7396177053451538,
      0.7862079739570618,
      0.6220296621322632,
      0.7871862053871155,
      0.7573253512382507,
      0.8274547457695007,
      0.5329223275184631,
      0.8158870935440063
    ]
  },
  "bertscore": {
    "precision": 0.8026552200317383,
    "recall": 0.8520940542221069,
    "f1": 0.8263270854949951
  },
  "total_comparisons": 49,
  "dataset_size": 49,
  "model_info": {
    "semscore_model": "sentence-transformers/all-mpnet-base-v2",
    "semscore_batch_size": 2,
    "device": "cpu",
    "semscore_available": true
  }
}