{
  "semscore": {
    "mean": 0.8272371165910546,
    "median": 0.877998411655426,
    "std": 0.1668211816135275,
    "min": 0.10078243166208267,
    "max": 1.0,
    "count": 49,
    "scores": [
      0.9737024307250977,
      0.7806112170219421,
      0.9781524538993835,
      0.5572401285171509,
      0.6320896148681641,
      0.9048775434494019,
      0.8262688517570496,
      0.8060584664344788,
      0.889272928237915,
      0.9144057035446167,
      0.9734017252922058,
      0.89128178358078,
      0.7236289978027344,
      0.9261088371276855,
      0.10078243166208267,
      0.9556873440742493,
      0.9435675144195557,
      0.5487755537033081,
      0.7278224229812622,
      0.5930039882659912,
      0.8377233743667603,
      0.8161519169807434,
      0.8335219025611877,
      0.7453491687774658,
      0.9456132650375366,
      0.9168097376823425,
      0.834485650062561,
      1.0,
      0.9508933424949646,
      0.9404631853103638,
      0.8030081391334534,
      0.7837645411491394,
      0.5477698445320129,
      0.877998411655426,
      0.7640002965927124,
      0.9631888270378113,
      0.9179656505584717,
      1.0,
      0.7016782760620117,
      0.5750542879104614,
      1.0,
      0.9749667048454285,
      0.7850668430328369,
      0.9217461347579956,
      0.7042586803436279,
      0.8688459396362305,
      0.980955958366394,
      0.9455200433731079,
      0.9510786533355713
    ]
  },
  "bertscore": {
    "precision": 0.9312309622764587,
    "recall": 0.8916051983833313,
    "f1": 0.9106841683387756
  },
  "total_comparisons": 49,
  "dataset_size": 49,
  "model_info": {
    "semscore_model": "sentence-transformers/all-mpnet-base-v2",
    "semscore_batch_size": 2,
    "device": "cpu",
    "semscore_available": true
  }
}