{
  "semscore": {
    "mean": 0.7224964173693283,
    "median": 0.7369428277015686,
    "std": 0.15969934036411113,
    "min": 0.0861831083893776,
    "max": 0.931908369064331,
    "count": 51,
    "scores": [
      0.8744474053382874,
      0.8286979794502258,
      0.822700023651123,
      0.8738164901733398,
      0.8180069923400879,
      0.8619153499603271,
      0.9173485040664673,
      0.8046725392341614,
      0.7630726099014282,
      0.677245020866394,
      0.7530778646469116,
      0.7200716733932495,
      0.7455893158912659,
      0.7615064978599548,
      0.0861831083893776,
      0.7369428277015686,
      0.5740867257118225,
      0.5835712552070618,
      0.7215545177459717,
      0.6384334564208984,
      0.7255723476409912,
      0.695224404335022,
      0.8412340879440308,
      0.6676567792892456,
      0.6936339139938354,
      0.6757761836051941,
      0.6890016198158264,
      0.5092965364456177,
      0.8223792314529419,
      0.8879833221435547,
      0.7690209150314331,
      0.7229281067848206,
      0.6248213052749634,
      0.7248122692108154,
      0.8939847350120544,
      0.687963604927063,
      0.9060131907463074,
      0.6823567748069763,
      0.5355063676834106,
      0.7309617400169373,
      0.8499030470848083,
      0.931908369064331,
      0.3333607017993927,
      0.7428395748138428,
      0.8421447277069092,
      0.8103563785552979,
      0.8989214897155762,
      0.7884154319763184,
      0.6703510880470276,
      0.2678723931312561,
      0.6621764898300171
    ]
  },
  "bertscore": {
    "precision": 0.81944739818573,
    "recall": 0.8610278964042664,
    "f1": 0.8393632769584656
  },
  "total_comparisons": 51,
  "dataset_size": 51,
  "model_info": {
    "semscore_model": "sentence-transformers/all-mpnet-base-v2",
    "semscore_batch_size": 2,
    "device": "cpu",
    "semscore_available": true
  }
}