{
  "semscore": {
    "mean": 0.6847520896366665,
    "median": 0.7127612829208374,
    "std": 0.15089315554520694,
    "min": 0.33621352910995483,
    "max": 0.9231791496276855,
    "count": 49,
    "scores": [
      0.8078163862228394,
      0.7922347187995911,
      0.8811187148094177,
      0.6573338508605957,
      0.5727446675300598,
      0.6884072422981262,
      0.8631637096405029,
      0.7140822410583496,
      0.6237538456916809,
      0.9231791496276855,
      0.857481062412262,
      0.6116239428520203,
      0.7796975374221802,
      0.7549302577972412,
      0.7970644235610962,
      0.903225839138031,
      0.9020702838897705,
      0.6175681352615356,
      0.8107005953788757,
      0.48903128504753113,
      0.6121335625648499,
      0.7463172674179077,
      0.8229238986968994,
      0.6122141480445862,
      0.7132291197776794,
      0.7444158792495728,
      0.7500622868537903,
      0.4981014132499695,
      0.7607778906822205,
      0.8287249207496643,
      0.4928578734397888,
      0.6216667294502258,
      0.6147383451461792,
      0.5799128413200378,
      0.34623417258262634,
      0.510120689868927,
      0.3875114321708679,
      0.5942760109901428,
      0.6334667205810547,
      0.3402092456817627,
      0.33621352910995483,
      0.6903195381164551,
      0.9016003608703613,
      0.7306330800056458,
      0.8255118727684021,
      0.7127612829208374,
      0.681992769241333,
      0.6275976896286011,
      0.789099931716919
    ]
  },
  "bertscore": {
    "precision": 0.8025886416435242,
    "recall": 0.8587946891784668,
    "f1": 0.8293678760528564
  },
  "total_comparisons": 49,
  "dataset_size": 49,
  "model_info": {
    "semscore_model": "sentence-transformers/all-mpnet-base-v2",
    "semscore_batch_size": 2,
    "device": "cpu",
    "semscore_available": true
  }
}